url,name,address,city,state,phone
https://savantwealth.com/locations/lewes-delaware/?utm_source=extnet&utm_medium=yext,Results,"34382 Carpenters Way #5, Lewes, DE 19958",Lewes,DE,(302) 644-6850
http://howardwimbrowcpa.com/,Results,"17527 Nassau Commons Blvd #214, Lewes, DE 19958",Lewes,DE,(302) 539-0829
https://dfcpasllc.com/,Results,"18306 Coastal Hwy, Lewes, DE 19958",Lewes,DE,(302) 644-4441
https://www.stevenfalconecpa.com/,Results,"17663 Church St, Lewes, DE 19958",Lewes,DE,(302) 644-8634
http://www.pkscpa.com/,Results,"1143 Savannah Rd #1, Lewes, DE 19958",Lewes,DE,(302) 645-5757
https://www.wwd-cpa.com/,Results,"17577 Nassau Commons Blvd, Lewes, DE 19958",Lewes,DE,(302) 360-2040
http://www.savvyacctgcorp.net/,Results,"26238 Richfield Dr, Lewes, DE 19958",Lewes,DE,(646) 284-7240
http://www.fawcasson.com/,Results,"20376 Coastal Hwy Suite 101, Rehoboth Beach, DE 19971",Rehoboth Beach,DE,(302) 226-1919
http://delawarecpa.net/,Results,"216A W Market St, Georgetown, DE 19947",Georgetown,DE,(302) 854-0133
http://dfcpasllc.com/,Results,"18306 Coastal Hwy, Lewes, DE 19958",Lewes,DE,(800) 748-0354
http://www.waynetaxpro.com/,Results,,Nassau,DE,(973) 262-8409
http://www.1040pro.com/,Results,"33815 Clay Rd, Lewes, DE 19958",Lewes,DE,(302) 645-6216
https://delawarecpa.net/,Results,"216 E Market St suite 101, Georgetown, DE 19947",Georgetown,DE,
http://www.marshallwagner.com/,Results,"19643 Blue Bird Ln #2, Rehoboth Beach, DE 19971",Rehoboth Beach,DE,(302) 227-2537
http://maureenhbrowncpallc.com/,Results,"22434 Grebe Ln, Ocean View, DE 19970",Ocean View,DE,(301) 943-1911
http://www.pha.cpa/,Results,"28466 Dupont Blvd, Millsboro, DE 19966",Millsboro,DE,(302) 934-6688
http://www.juds.com/,Results,"651 N Bedford St, Georgetown, DE 19947",Georgetown,DE,(302) 856-3900
http://www.doreybateman.com/,Results,"323 Rehoboth Ave Unit D, Rehoboth Beach, DE 19971",Rehoboth Beach,DE,(302) 856-0970
https://www.firststateaccounting.com/,Results,,Nassau,DE,(302) 998-3995
https://www.tidewaterbusinesssvc.com/,Results,,Nassau,DE,(302) 237-7455
http://www.hodgescpas.com/,Results,"282 N Rehoboth Blvd, Milford, DE 19963",Milford,DE,(302) 426-4750
https://www.cpaoffice.com/?utm_source=google&utm_medium=wix_google_business_profile&utm_campaign=7390149792420297398,Results,"24249 Canoe Dr, Millsboro, DE 19966",Millsboro,DE,(302) 681-4841
http://premocpa.com/,Results,"310 High St, Seaford, DE 19973",Seaford,DE,(302) 875-4205
http://www.srenardcpa.com/,Results,"124 Tobin Dr, Milton, DE 19968",Milton,DE,(302) 381-8928
http://luffcpas.com/,Results,"223 S Rehoboth Blvd Ste A, Milford, DE 19963",Milford,DE,(302) 422-9699
https://pwwlaw.com/,Results,"1519 Savannah Rd, Lewes, DE 19958",Lewes,DE,(302) 628-4140
http://www.rfbookcpas.com/,Results,"34382 Carpenters Way, Lewes, DE 19958",Lewes,DE,(302) 644-6850
https://dinglekane.com/,Results,"356 E Main St, Newark, DE 19711",Newark,DE,(302) 731-5200
https://ocpafirm.com/,Results,,Nassau,DE,(443) 504-4586
http://www.firststatecpas.com/,Results,"18 S State St, Dover, DE 19901",Dover,DE,(302) 736-6657
https://terrellcpa.com/,Results,"1109 Middleford Rd # B, Seaford, DE 19973",Seaford,DE,(302) 628-1515
http://www.aebusinesservices.com/,Results,"616 R Wilson Lp, Georgetown, DE 19947",Georgetown,DE,(302) 604-9839
https://mellostaxprep.mytaxportal.online/#/login,Results,,Nassau,DE,(302) 569-7749
