url,name,address,city,state,phone
http://www.pkscpa.com/,Results,"1143 Savannah Rd #1, Lewes, DE 19958",Lewes,DE,(302) 645-5757
https://dfcpasllc.com/,Results,"18306 Coastal Hwy, Lewes, DE 19958",Lewes,DE,(302) 644-4441
http://howardwimbrowcpa.com/,Results,"17527 Nassau Commons Blvd #214, Lewes, DE 19958",Lewes,DE,(302) 539-0829
https://www.stevenfalconecpa.com/,Results,"17663 Church St, Lewes, DE 19958",Lewes,DE,(302) 644-8634
http://www.savvyacctgcorp.net/,Results,"26238 Richfield Dr, Lewes, DE 19958",Lewes,DE,(646) 284-7240
http://dfcpasllc.com/,Results,"18306 Coastal Hwy, Lewes, DE 19958",Lewes,DE,(800) 748-0354
http://www.1040pro.com/,Results,"33815 Clay Rd, Lewes, DE 19958",Lewes,DE,(302) 645-6216
http://www.fawcasson.com/,Results,"20376 Coastal Hwy Suite 101, Rehoboth Beach, DE 19971",Rehoboth Beach,DE,(302) 226-1919
https://www.wwd-cpa.com/,Results,"17577 Nassau Commons Blvd, Lewes, DE 19958",Lewes,DE,(302) 360-2040
http://www.waynetaxpro.com/,Results,,Lewes,DE,(973) 262-8409
http://www.marshallwagner.com/,Results,"19643 Blue Bird Ln #2, Rehoboth Beach, DE 19971",Rehoboth Beach,DE,(302) 227-2537
http://www.rfbookcpas.com/,Results,"34382 Carpenters Way, Lewes, DE 19958",Lewes,DE,(302) 644-6850
http://www.doreybateman.com/,Results,"323 Rehoboth Ave Unit D, Rehoboth Beach, DE 19971",Rehoboth Beach,DE,(302) 856-0970
http://www.lachallleecpa.com/,Results,"17563 Nassau Commons Blvd, Lewes, DE 19958",Lewes,DE,(302) 644-9952
http://www.lindenbergfinancial.com/,Results,"404-A E Savannah Rd, Lewes, DE 19958",Lewes,DE,(302) 235-8672
http://delawarecpa.net/,Results,"216A W Market St, Georgetown, DE 19947",Georgetown,DE,(302) 854-0133
http://www.lifeworkbks.com/,Results,"17527 Nassau Commons Blvd Ste 208, Lewes, DE 19958",Lewes,DE,(610) 324-6895
http://www.juds.com/,Results,"651 N Bedford St, Georgetown, DE 19947",Georgetown,DE,(302) 856-3900
http://luffcpas.com/,Results,"223 S Rehoboth Blvd Ste A, Milford, DE 19963",Milford,DE,(302) 422-9699
http://atmthebottomline.com/index.php/about-tiym/contact-us,Results,"29065 Lewes Georgetown Hwy, Lewes, DE 19958",Lewes,DE,(302) 854-6686
http://www.srenardcpa.com/,Results,"124 Tobin Dr, Milton, DE 19968",Milton,DE,(302) 381-8928
